age,income,utilization,default_flag
21,71836.57448880642,0.9194388868060707,0
77,41628.6158709759,0.28703889724208254,0
80,15886.249047862097,0.8009383881779941,0
55,47812.46525867685,0.8985683839813459,0
76,38180.43692198289,0.33230760620551003,0
42,96180.082522643,0.1927923261326976,0
73,52836.79365163599,0.677632991250973,0
25,69255.76653334155,0.7223698401564511,0
51,73755.140343491,0.5221737533214984,0
25,47644.523072777134,0.08288213915494447,0
43,91389.97578307313,0.613671973817665,0
58,3202.1548854117113,0.217443573466921,0
63,67616.46582121613,0.8932797181511584,0
18,49558.4931328954,0.013402799736767501,0
39,3484.505062564697,0.26448627167906236,1
28,43662.49048472966,0.43231748763502986,0
58,26974.989644561258,0.4436020780804457,0
77,42033.073357511275,0.8404881505008934,0
44,14469.83946380799,0.8269605548005582,0
18,89437.47683612679,0.10630152963308759,0
29,80129.89319056217,0.5485642945600524,0
43,94163.94132305561,0.2782094585450444,0
54,81666.06913789443,0.2151432563312602,0
18,70511.0817950518,0.8426567242011267,0
68,25347.542253424657,0.028048519798481997,0
76,46391.72450884019,0.6929672055073083,0
66,49590.79669372145,0.6020034838221165,0
46,85631.60155407438,0.699213341303502,0
23,1796.7152178389456,0.5866877681274981,0
27,98241.60975282504,0.574490085829128,0
27,30434.939234057587,0.6290857468683161,1
48,51615.2931828175,0.31068557423632137,0
25,28242.64220809184,0.7293143559797609,1
74,53089.17664384833,0.7353287496443934,1
34,20992.080596193377,0.5842866478402746,0
67,54127.52446934399,0.5146526536339153,0
57,97416.39850058976,0.9105638796699024,1
73,31667.018133903883,0.6994088107143313,0
72,1873.6637381443732,0.6735986601952365,0
73,80899.9921225838,0.28573420052442033,0
75,1264.3845059272057,0.1139608823315269,0
25,4921.87586463508,0.6390431453509458,0
45,40824.04133958482,0.5367856196556947,0
35,10806.97407446105,0.7601585410957148,0
21,16211.321671364145,0.43121936772811054,0
47,56483.939960594274,0.9447079771151072,0
37,32606.42108455084,0.46476071174556444,0
65,47922.96699698872,0.8304882154383291,0
52,92829.68842265494,0.5408158740946,0
69,97847.71181219863,0.827436929312629,0
35,97541.30687046605,0.5164672916023424,0
41,36913.8264801767,0.19548697815433225,0
35,2570.8347529967205,0.13139015188771908,0
24,53867.79754411182,0.872018151369259,0
35,50502.69216044415,0.3816660600981021,0
72,76724.71078691073,0.2533937388437991,0
34,7892.17381917292,0.23727214106723782,0
71,39059.55395219927,0.8315604046781306,0
20,67920.04948846958,0.42957678290328427,0
76,33882.290199795054,0.5958478555747978,0
53,66940.27337849764,0.6053661582964688,1
24,34340.794823326636,0.5489208913707506,0
61,60436.03386725099,0.2838875917874921,1
56,81532.80964026596,0.9427354170086466,0
78,7497.559949959277,0.9979077886851473,0
40,85572.4070496378,0.8060840399167221,1
75,30955.486916205424,0.9362888629434222,0
61,74303.78829275537,0.2899344841112633,0
79,3815.049787852581,0.8486627636488004,0
29,88612.40255182769,0.3596901772924854,0
40,54273.75188296237,0.21338506281777514,0
26,88090.37474830945,0.496613232579766,0
27,61758.17228231656,0.9047623955929737,0
72,47696.64831039009,0.9530151507793043,0
45,18424.979928816745,0.0005692254560291099,0
80,94141.61711490389,0.9576368587731069,0
27,7496.403382763871,0.49617500092033484,0
48,73647.12955932698,0.6399295837758564,1
64,93788.7812222004,0.5082961571149828,0
77,8598.089969176393,0.46798794195916416,1
54,70765.13013961438,0.9864703995080989,0
55,56164.56534263796,0.633072494475364,0
28,6064.421621441862,0.1397223373335068,0
36,82886.51053258363,0.13490260702140922,0
51,35908.61086445171,0.3801081376965858,0
53,19154.328305185078,0.8791575007798706,0
47,54433.04537011685,0.6254197516522533,0
33,8642.9618563312,0.9778545915758551,0
71,15643.217240145132,0.6026982353367926,0
63,59814.595325865776,0.3129839472561158,1
46,66596.03375167228,0.5772174173324954,0
57,44001.724080611086,0.1941925693094162,0
55,87481.893248205,0.31357510175709424,0
23,95382.73199736964,0.15026102462979574,0
29,2995.081243959675,0.8565964702314866,0
35,75477.61815993543,0.3981249997178994,0
33,4350.622664221939,0.9470312098191163,0
23,60535.57321570222,0.5454824176946651,0
33,3486.806661081443,0.14070148691536688,0
69,26188.19337833339,0.7125052450134762,0
58,90399.00148569868,0.6035507663426951,0
71,63852.46835397824,0.6390958376818542,0
71,91671.73057394217,0.8453103093960546,0
25,52721.28546793876,0.5021164492260899,0
46,87550.54786483881,0.3353366371999621,0
50,89903.97150484704,0.008292280582526956,0
30,81251.0620889569,0.7768021241881543,0
52,11671.037428958583,0.6223332967049244,1
36,92442.76912439955,0.7912876869834482,0
21,41001.09032268676,0.20249847970227952,1
24,71938.76118317414,0.693155081093091,0
49,31159.274482673132,0.7161747167773493,0
77,84590.54924579007,0.5982181021712182,0
56,67636.01720629091,0.41330436139322957,0
38,93691.72963391137,0.9461142712150488,0
66,22443.19087568915,0.23786542963542356,0
50,26971.556710426576,0.3885580954772967,1
67,67117.3373798591,0.3290641391006439,0
78,13410.354545097387,0.061321871006030926,0
43,51829.496284780864,0.34156274091509864,0
48,73378.51586546934,0.05187368953850091,0
49,22359.92587617625,0.9842394422185897,0
68,77368.185464892,0.6493923584229204,0
38,35763.52679356486,0.28067442256861375,1
38,12554.14234642691,0.10365037494265283,0
30,93884.22516311347,0.8736878793940357,0
44,82726.80181290857,0.8855737811672171,0
35,82687.64052300874,0.5148918123295978,0
67,21506.871263104487,0.1485798426076932,0
36,46086.75671075606,0.5298701907467562,0
42,80160.20060922414,0.7023288135861598,1
35,31671.062671780463,0.40162483252275194,0
52,87597.20744402362,0.227725064264785,1
66,80739.61627258078,0.8377739885877892,0
57,19478.968910866908,0.3739795061736426,1
66,11810.994103263001,0.6996086157523997,0
53,67654.2027433495,0.6332766274716894,0
73,48825.07278114448,0.3228322870447712,0
68,82710.01887200927,0.5783200412264071,1
78,8785.457293833038,0.9589077943424265,1
56,82185.56610378483,0.5786875757900002,0
52,87871.0595327155,0.6868978014045972,1
48,28781.8328443453,0.9939708740036363,0
58,7865.737137929573,0.46287208441111183,0
76,88095.7822991812,0.5035777745820341,0
54,9420.739361850752,0.26534166477976173,0
40,29407.905369169508,0.18856759316745797,0
24,32085.394105644344,0.18490464929047046,0
53,70713.40738486598,0.7818562256501795,0
40,27968.016042272404,0.473365978265041,0
36,77753.84823870128,0.8312939642857241,0
62,77294.8172891889,0.6742495270187774,1
52,95775.75735833489,0.06551930834622877,0
76,35528.79860833374,0.048620227822265716,0
20,20597.603076655705,0.8564136467047465,1
79,32394.173643448878,0.9317788435243529,0
24,48633.47034297066,0.6268625635789122,0
46,56485.17744412908,0.7715468888922409,1
55,19035.924934039227,0.48426179147038717,0
64,38184.93383284342,0.46801301538327,1
36,96660.13398881664,0.8517242993380661,1
32,88506.3808326769,0.818065369049089,0
47,46150.43093737998,0.8089694645253224,0
45,18004.42410165568,0.33237316308713194,0
45,86584.6984211871,0.9642890375151556,0
59,46114.15385462595,0.8020763917639501,0
54,50145.22609844261,0.4176689022294683,0
23,77515.16685862545,0.990290708997393,0
76,28722.448510036415,0.43870060617046036,0
59,32903.57914996914,0.33403291611182817,0
62,38917.81536816468,0.2658425848322953,0
60,86884.43196697818,0.2985667148130928,1
44,85656.68364391924,0.35726072400956854,0
49,34704.007342565565,0.1397515532739071,1
26,23080.227864291508,0.9665463158386695,1
37,96334.29204557801,0.22199447857508403,0
51,69510.75154269952,0.8882260323279333,1
53,93095.13292199861,0.6980505111901631,0
71,91789.7116034226,0.00806587702518391,0
45,31839.87605226149,0.4093294775478824,0
32,13753.561742062944,0.17325916134837627,0
61,3916.825855327658,0.6933705050883926,0
52,42860.47242436921,0.7106553687293041,1
24,11184.507519111108,0.4935236844766405,0
78,87736.75514599815,0.7783945679438791,0
46,62047.40350199803,0.754639822223534,0
38,65415.66579905867,0.28537071818709137,0
40,23532.066900315724,0.6350428171638526,0
48,53442.39430047881,0.5764327224481289,0
43,25828.654002763873,0.17920129564029785,0
67,93203.66072861214,0.07129232671247498,0
47,24615.845015422205,0.40003693199735857,0
25,21013.61605046638,0.8358835089978901,0
42,8234.895842748778,0.8335762328378374,0
35,65656.97841841546,0.2902511447913677,0
33,78505.98272956847,0.40785426721327833,0
35,35566.534867128175,0.037596454512874744,1
41,83134.69157734295,0.588918070035714,0
20,79579.8031941137,0.005187593766162402,0
66,39114.69133057142,0.4369421265352291,0
25,48440.71016527033,0.9879761722759929,1
68,81724.34360155652,0.5029153791834855,0
76,12714.372811162613,0.2702780602573742,0
41,76116.65777080234,0.4869676383184197,0
49,31259.193738812122,0.07401744555596135,0
80,45725.53771905974,0.18470743298772496,0
56,59709.33375163092,0.516108125935598,0
71,1136.4018043968692,0.3793290173397561,0
37,45736.58830664287,0.47135396511273286,0
63,54005.78152461041,0.9564408992459368,0
50,59143.33264189297,0.7061596257419849,0
39,35625.412059264614,0.8141865693868106,0
67,55677.105120395136,0.8895110570849355,0
20,21607.177319011727,0.6753916329099713,0
44,43266.682160758726,0.29649801269995724,0
75,8906.644868805975,0.7229402897162908,0
55,22055.438976240865,0.6921881371588432,1
72,17250.693697332033,0.2332617305843302,1
54,32355.866127189543,0.9994037454335353,0
35,80888.591529,0.6065057507505041,0
68,33121.26519814278,0.7194543022014458,1
73,92666.74829779024,0.46577002896870556,0
29,71643.99124670499,0.46652392219672867,0
40,38270.407890034665,0.3713889637572998,0
21,73567.92440797656,0.6893957021885057,0
21,95822.85640524032,0.14168725552072026,0
30,51602.64320294947,0.71261019382681,0
36,60147.393439981766,0.04100879606680796,1
68,34013.7243821845,0.10075181997381544,0
19,2253.046519185142,0.5754130697187172,0
46,12585.898975572922,0.6810380906719647,0
33,18790.202279365323,0.9088945044770622,1
75,76821.73983915464,0.0361969258678444,0
41,91261.8698050723,0.8567086051201609,0
24,95686.71655094762,0.9275709826284079,0
25,95053.7752045985,0.22767736495252755,0
56,12404.577178779808,0.9414140256269037,0
75,87731.22804033241,0.32548265741805094,0
44,49923.48621698863,0.6627203676879597,0
76,17123.6071191745,0.518566169415687,0
52,51206.316902801686,0.19207540897910835,0
29,45685.1385975594,0.21603203008369465,0
48,98371.2787034479,0.6503960545862483,0
79,84596.13799871437,0.160543979386501,1
46,78421.01463882849,0.5309694859480348,1
28,33246.294836734414,0.2789128284594551,0
34,59892.153594496885,0.37460061518304155,0
22,36788.833356787334,0.7275213786677162,0
66,87618.0153377783,0.4837214046996734,0
63,82950.32301856394,0.06633413784302833,0
75,87555.6711755997,0.7693468207611467,0
66,54375.82390111215,0.9657144150113284,0
71,77697.53433473752,0.11201682752396147,0
25,7566.697007709731,0.6068197531272637,0
50,17374.78028224501,0.6734481528559639,0
19,90557.07098296475,0.5225479272121526,0
23,87649.90535578928,0.9201944470115996,0
28,38592.032940998215,0.5098300553096968,0
23,80005.71619808381,0.606662401118107,0
34,8521.042741439673,0.3772823865144448,0
47,96037.79761323865,0.8941977904273001,1
31,33818.095157506825,0.7914907005820159,0
22,68144.79295155626,0.9125466951733546,0
75,39086.22484388055,0.059956271783920045,0
41,84227.3579185067,0.35377480996521804,0
40,78181.60804191894,0.3343085416294368,0
58,88808.18423633669,0.16736837935518112,0
64,80564.32279679205,0.049662053712724474,1
33,42552.555773690045,0.39361243116803024,0
59,64116.97286657863,0.6333906810209519,0
35,30336.884767695446,0.6921256478034388,1
35,43364.15386184833,0.6348271396668215,0
30,27504.500319220486,0.8151016513832829,0
72,68664.54606055382,0.3591802695795735,0
41,35698.3771521495,0.5648094081451518,1
49,80249.21115469463,0.2752223857024191,0
72,53623.741309327954,0.4361609377926329,0
19,59122.82433744903,0.26506669077295253,1
75,61080.28945460354,0.40486804098691476,0
43,12436.752910321944,0.7356193821029701,1
34,53914.15978996536,0.2165010681543882,0
73,50743.683880877456,0.43023021559417984,0
53,22719.99540588844,0.7363453499801756,0
44,57627.25004259939,0.85611964612816,0
18,38174.79179387638,0.6911052232383577,0
39,41846.48409051853,0.3330785122006962,0
41,41381.710013183925,0.9428932774872237,0
80,65829.87977397456,0.6504586759522297,1
79,38730.684734435235,0.35630815273374095,0
35,6043.277866536909,0.7833941356988645,0
55,51344.002750425,0.7156932026485855,1
73,54914.194607065954,0.9399559061425168,0
37,37557.3825031515,0.6481505474327195,0
70,27961.061256578265,0.5103679479484694,0
21,87680.71650468402,0.8140363427392421,0
51,7329.351318292925,0.7132816687027739,0
53,37777.00056955898,0.6403984210718554,0
60,51379.65016725893,0.8900974512167976,1
42,5440.5288851627565,0.2749767821541006,0
66,43237.01615315601,0.5684647333270116,0
26,18377.593863118305,0.10574569280738455,1
41,88535.0716929813,0.2937480254663798,0
49,70676.162251263,0.7617142615057654,0
61,9133.534400649645,0.327837388811401,0
80,53432.78396505356,0.9206822636069544,0
35,22318.985030020565,0.09194769293628169,0
46,88256.47036672237,0.7110715635176869,0
18,60400.20684893022,0.2727357458974934,0
49,60499.48253926876,0.27024320884161157,0
53,49881.94140513945,0.718604639158808,0
52,73834.86455630328,0.9083235530103674,0
40,3322.7686994197934,0.4254037719557753,0
53,77251.75764231225,0.9044395649776166,1
28,10802.65016694718,0.9687326301258601,0
68,59414.2709141466,0.1990170855505926,0
79,42606.40152088309,0.033770719932660676,1
25,95389.8503648949,0.5945131509128663,1
52,86532.29129085183,0.7897528968397481,0
63,5083.40466777304,0.19289892174966639,0
18,36411.29838380281,0.4780711277765033,1
67,58511.89732022795,0.018014072406413062,0
75,84749.59473372152,0.924028294301438,0
34,38690.62991338598,0.42512377505163335,0
63,5882.559666218764,0.20850132541198652,0
52,51582.142066333785,0.8605120349835865,0
69,38399.117623681064,0.41074504424683767,0
32,84648.74918386969,0.1118221135662203,0
71,26094.193951115532,0.4492681762097791,0
35,22611.188145601547,0.2165046579390969,0
77,68056.87152974044,0.8375384432820897,0
55,11058.360931034145,0.3478925127140876,0
26,40201.08087601522,0.41193549885742964,1
76,83988.43290609255,0.4514680062057984,0
40,52891.51521623585,0.12185749556002379,0
53,48949.56867717883,0.7375186735641126,1
53,14048.91502280339,0.8973974993154631,0
59,58312.69898515925,0.8278862347342222,1
40,27795.12561395299,0.8444885346510155,0
51,54425.717884905,0.14111666516680144,0
53,12863.371362409192,0.39265895920176275,0
67,82392.25607474157,0.22864051395177876,0
76,52933.11646686791,0.2767417967234338,0
46,95424.5638363212,0.4118542677260437,0
80,95804.76554609115,0.6704723459391452,0
70,25450.55865269277,0.6328232980613346,0
24,65973.30811587672,0.40393360075268736,0
23,70133.60586585644,0.6801358452493922,0
48,61949.0685734372,0.0613206274914605,1
25,27636.23184150257,0.49949807865902307,0
66,15937.039805820115,0.8347375670784094,0
35,33965.643437409984,0.003299749855280143,0
62,47975.45528323894,0.02163994850159845,0
20,65470.77537173818,0.6733091589129414,0
41,63903.836579117575,0.6326466591901474,1
62,88771.033998068,0.507368287867983,0
41,30113.919147609206,0.41273176382705523,0
45,48782.59852668206,0.5215403372578785,0
75,83101.97358967741,0.5178319681551323,1
62,29112.60351667736,0.02890543912826271,0
62,15481.17786558297,0.8862982347746158,0
73,3079.2999568624214,0.6634212884543504,0
75,30334.07806414658,0.17640430637489213,0
62,97077.49169333017,0.47957699235942797,0
76,45287.88511246964,0.11073290425696747,0
24,75212.97697894888,0.11834735094464477,0
48,92772.45861575319,0.6735248376763747,0
71,29801.896708187982,0.847678757276532,0
41,69427.26865930979,0.44422371138013717,0
29,55332.48197593561,0.23388803231596178,0
32,71194.01833286238,0.7754256156876181,0
73,34022.98119766352,0.694056152570779,0
29,13485.657474027474,0.20654155740290814,0
62,68389.79180244548,0.8864843657888889,0
26,75022.2855462066,0.678756464209422,0
50,20299.83110510682,0.27676366770971605,0
62,95979.76446261819,0.8382900729430495,0
62,10040.396870965644,0.21460051112466805,0
77,49446.79518131093,0.8511450840916472,0
22,25751.251439146952,0.8482732064561592,0
77,34247.91880050718,0.4407782087391461,0
72,2625.7015792015613,0.5712255571776202,0
75,92044.89930527465,0.5338182711706226,0
46,11765.237433016624,0.7015738956502974,0
51,14390.711878441085,0.1412004358855975,0
32,24600.637109321284,0.8932722012685596,0
27,99894.59689172408,0.36562319664460696,0
37,64098.442921134425,0.7194136233472938,0
31,2205.0855830335645,0.4618443929562184,1
24,2846.4313230099547,0.3463281474270029,1
46,60048.99525041988,0.07459492637783038,1
60,53342.771438059084,0.44578241697068677,0
76,83647.99394431397,0.5190714502695762,1
28,99154.50356592737,0.2260043717125736,0
56,5796.954419228508,0.0335318744036468,0
38,1168.0573410912357,0.21515883358929422,0
22,11694.14114043752,0.01994652335558844,0
62,16935.963320721385,0.4449655143596609,0
59,3907.446455070031,0.7740354396470928,0
49,52688.15212765551,0.02838863536742553,1
32,43376.35886700576,0.695234672063351,0
65,91201.44622094264,0.18923743127074644,0
75,32973.90745193825,0.5098016356358582,1
28,16600.157600593284,0.4764072339630515,0
58,10171.17420889491,0.5906448397396116,0
23,39115.97490304151,0.45463478041334504,0
66,1857.7260999662847,0.5716124282867021,1
36,91342.74292358261,0.1099849430312948,0
76,57226.648071109805,0.5768508981159715,0
29,71630.65524457337,0.556355991549583,0
19,37294.72990090546,0.3976461176035565,1
36,77453.67299953959,0.6484795356505725,1
30,54219.481251609046,0.19693212728890386,0
53,97021.8898237826,0.7322003777431757,0
43,18224.492080143773,0.6691673600010616,0
39,99712.08830078845,0.13873626506601355,0
71,4520.295262140751,0.440473632514211,1
60,41818.932261001166,0.15734778499186985,0
52,49250.639562982346,0.6251574569267566,0
49,98576.2785261181,0.6748129543427577,1
25,97335.26500262518,0.06672492200913505,0
26,12302.410952704546,0.8385031044253278,1
62,29267.22854434243,0.42717060330368084,0
36,66699.24189100956,0.38275245374926103,0
33,93798.37584487347,0.04901462246007959,0
28,38931.50789726765,0.35822895375798003,1
79,28625.26575025191,0.7686205985613099,0
77,72146.73763057699,0.1741013799215455,0
63,8579.157832451445,0.35490248788393886,0
50,7925.606320289526,0.5177520458093472,1
46,73398.36574950731,0.3200414275609984,0
20,5276.839525741544,0.40864266086085455,1
61,76385.99367349419,0.2859750301400318,0
71,21482.58536777751,0.8901102930041337,0
35,3973.875830640824,0.49841602200308155,0
38,76497.22238198272,0.7162888506726203,0
46,62940.91506503258,0.4440695659702185,0
54,93590.28964694032,0.044224622625155696,0
42,47223.33567628625,0.21541851389294586,0
55,4551.527609082845,0.08499885778339888,0
20,34194.77668613225,0.033497414974553275,0
66,34690.47971977461,0.8149824565984374,0
21,65370.6776817095,0.7600558305883924,0
54,68872.35092666931,0.8837760671303682,0
65,86991.20555983546,0.615937475877026,0
18,12297.625453307617,0.920323799290449,0
58,71411.86543436583,0.903705771928178,0
54,41207.25986538854,0.4323260843478831,1
29,58691.935112021005,0.8768039685269051,1
75,75991.40680023952,0.4437983087774531,0
45,49904.731645221735,0.9043851839182521,0
25,29218.444553084686,0.786107384960817,0
38,56424.093146671796,0.05264614251290434,0
42,32935.1916780173,0.07114825920367474,1
41,32055.469610557604,0.5477745828071889,0
22,75653.51894159078,0.257792857875906,0
76,36095.71398952149,0.1788383309908399,0
45,78240.61262448189,0.48489452830543556,0
45,52355.527455796946,0.010681277733522121,1
34,20854.911920579256,0.08371647368208668,0
74,83442.16757982019,0.015607617252890171,0
61,14221.540323000185,0.28124127094923346,0
51,69273.00373800758,0.48441669410629096,1
46,20222.865465533312,0.28573329120938107,0
75,6032.093500336929,0.8395380935663728,1
72,14020.5431079093,0.19253148004527632,1
24,94144.47874002634,0.19603180214983307,0
34,73760.27277587909,0.007347212841615325,1
25,40400.43130785107,0.12919798398671467,0
61,19516.854413186702,0.2021206210360431,0
29,64054.58213501069,0.016779257846122886,0
48,54015.149049216874,0.11772688697188838,0
50,37304.611832919385,0.6441799000635878,0
34,34390.17072516496,0.8135604039042278,0
37,21371.396935588167,0.4197083967374361,0
20,53356.357064232216,0.4579775854704994,0
53,94524.23596694107,0.3328982903877534,0
28,66906.35456031754,0.886734170502812,0
57,5084.019204477862,0.07697302050207999,0
65,50497.30168082796,0.5716053575702256,0
50,3952.9137848696873,0.5937456219105847,0
29,2053.379335795663,0.5180507716183429,0
33,2291.339190859101,0.36649533450652394,0
36,80692.49541521329,0.040937743638268964,0
43,25168.03158656483,0.41612826086131893,0
34,41391.66383638056,0.8626005091000338,0
18,73626.72087541979,0.05490784184846542,1
33,20420.722443726903,0.2842681149418237,0
45,34505.55983125029,0.8118513889973676,0
47,22654.443589699866,0.28758012831934565,0
75,38437.47818082705,0.4563722161272269,0
21,15404.051802073005,0.8742206136432871,0
79,43073.03180028073,0.43782381905984,0
41,24838.085847901024,0.6963721788800649,1
24,2584.8367737416183,0.676225716779483,0
59,87911.72681605942,0.3836523164513097,0
54,80145.6297707937,0.08842722777696144,0
37,9954.883905140929,0.47643627844060643,0
41,71224.16155607828,0.5487953261099677,1
21,98966.32514138441,0.14209293796334865,0
33,43507.433507778376,0.5286581193970283,0
62,98162.36253846278,0.29481225113477616,0
41,31204.239622984485,0.9870534447505847,0
29,3293.2934443516797,0.2679375404759736,0
62,6619.362204750261,0.6545326631423598,0
41,36797.33511750045,0.7975512769029508,1
25,51917.26464654369,0.7430442962053455,1
24,70795.98123515683,0.027113228932261202,0
74,25629.85574232002,0.5811790032483775,1
21,74154.47014281202,0.546435464253539,1
67,64358.7325297887,0.8156826003743175,0
22,68043.20884434012,0.16515282397368136,1
69,10782.948786045863,0.5305060654307721,0
50,44005.55635707735,0.6472863313132506,0
55,35844.92437837771,0.5606073014662034,1
19,93811.85613440625,0.46069708213095617,0
37,59849.84127679336,0.5683990030362817,0
20,56038.4192176663,0.8227726993276613,0
38,15804.141490235756,0.422452447112294,0
64,6967.749609642814,0.8862197270428867,1
21,85567.08917451736,0.6425549127603736,0
24,50981.72624592357,0.5362245809410567,0
74,23059.42652781024,0.798518826235353,1
72,12012.9768560896,0.5447712675865949,0
50,93051.27650898224,0.2250283828401768,0
25,29511.844213405726,0.10657747769552595,0
49,85554.8876986754,0.47418199396595184,0
21,42974.36022136437,0.1697103110536351,0
43,80427.44384391668,0.15096315781476755,0
27,3254.514068159513,0.7880390881829555,0
43,56904.71466535357,0.651963412632519,0
29,98642.93431708092,0.33176799467174334,0
30,6512.706531125615,0.6623426157621414,0
55,94890.52590385817,0.3057081127078385,1
49,29404.619363777987,0.6340092005562551,0
48,60209.89581656568,0.26383888494649355,0
25,82034.28255127853,0.2548037993025031,1
54,16272.655164090504,0.5198954354042514,0
23,76477.42356447555,0.9429303833477286,1
66,10361.767114530794,0.9197851618656424,0
45,66202.22648095369,0.9181379717709834,1
57,40621.48537597246,0.3812613761866197,1
66,64133.71635264501,0.14485246579399524,1
42,16690.898501632768,0.993372091504993,0
65,30987.360256771914,0.13281619134208378,0
76,15883.946591673872,0.020931876299377095,1
20,78690.21994405548,0.949453898612693,0
30,21188.171220837386,0.49786863351180777,0
51,94909.61033705254,0.8637733216568453,0
70,99731.08981710245,0.8775718539660881,0
77,67969.48597006577,0.7322388345020908,0
77,43973.94222114586,0.2793247006932724,1
24,56646.050122439214,0.84336864377991,0
19,90124.38638664247,0.8413404553261834,0
27,88654.9063751544,0.5630228645851965,0
34,25720.3572634887,0.746919800463389,0
49,67734.6630454976,0.8316950649714533,0
71,14654.381308539205,0.5986735903635687,0
43,4752.269439101581,0.14278305073622088,0
56,84198.24133525648,0.14280225624766207,0
69,17406.806918397746,0.3733504872357919,1
55,91430.24380298903,0.007805028450496021,0
39,88360.47222620956,0.06919993313057438,1
70,51660.346093498134,0.027321463601805096,0
31,92253.18067522517,0.6277043893725832,0
30,11573.658533273521,0.081532167193761,0
24,70900.66387766853,0.6083282948699593,1
41,29701.395651710427,0.5228396776695837,0
25,40681.03707064212,0.6838395832467488,0
79,26480.059154073944,0.20912326017726823,0
21,11538.194787926572,0.9722842238009118,0
71,38178.98731448419,0.18735884165097538,0
52,12485.356111510686,0.6612266188769189,0
26,37598.97587669649,0.07151001873186202,0
78,26844.972458038792,0.28321536542564907,0
38,58428.30040514018,0.6439254159667932,1
46,13736.162345592917,0.43490023076262163,0
23,43585.043584801584,0.20518302758490548,0
63,24657.258662792152,0.8321725017414533,0
21,65817.7349952923,0.8027497270481524,0
71,80845.00805470959,0.93704902164777,0
27,48575.50669436514,0.8291724845201974,0
48,65301.40109002523,0.21559033138921047,0
25,5186.391129857814,0.7861281108898152,0
73,75036.26485412483,0.5617633012260691,0
33,28598.364333103935,0.6937942565595497,0
33,66975.59928404057,0.32827826272276917,0
61,1676.346063568112,0.18468860986039548,0
19,51227.04811418776,0.45830084206699107,0
45,56481.014017937305,0.107953129180821,0
55,97073.95503408398,0.041870248416791433,0
26,23199.79390353279,0.3129698905522379,0
36,10085.54999683907,0.4960242379302222,0
56,50743.79999006614,0.0069831889980644934,0
72,82646.87291480074,0.5919789698208192,1
58,90741.91882865863,0.8678286572282913,0
66,86183.08480147978,0.4821324429645336,0
59,52435.198393681225,0.7426372111108698,0
43,49875.71292475451,0.6286172983454004,0
56,45585.98992625318,0.9124656371947852,0
78,5448.610848502668,0.14039060195710773,0
19,36852.73242972046,0.5494452160229192,1
46,85183.27754707912,0.21746848539669406,0
38,88854.49350015381,0.2542916291548497,0
73,36524.232081598304,0.8190035800747175,0
23,13576.91349400602,0.731614961439757,0
24,27751.668540718303,0.4906923416483947,1
24,39006.586534631846,0.11579920966728063,0
55,56153.688637171304,0.7734796318125358,0
51,20869.5763122143,0.5606528307233761,0
35,85363.56505221303,0.5721302833300717,1
29,83368.15681391125,0.2800764241437874,0
53,38149.81760813689,0.4990232303686224,0
52,75715.86611014686,0.4341178238218705,1
27,79772.21833427227,0.5025662781105001,0
42,99577.75009699615,0.8889210075084099,1
24,72719.9489040532,0.03319989005151247,0
46,26980.085306403438,0.37717567404966956,0
57,12389.74266988194,0.5482546397612508,0
60,70478.12887499631,0.5360953989840473,0
71,91677.59849447379,0.26646879249017974,0
21,75842.18668039488,0.7192344651805552,0
59,52942.66460007885,0.7012650433898715,0
27,69534.45419910741,0.7135482514444946,0
59,38638.721945418976,0.1371664612038327,0
47,9244.810822661922,0.4866953538752127,0
34,67138.77448035424,0.24588766708337517,0
57,24221.568388023057,0.1166837929046588,1
69,69916.20590466987,0.4101618079747287,1
50,24454.371151793857,0.3197534324652964,0
56,34224.258663221895,0.36393528160262967,1
35,85672.39375670177,0.8214051679313343,0
29,68469.5189252285,0.4508766736795451,1
71,45863.03701537913,0.2871274087943336,1
50,20701.375735795868,0.07311792132663286,0
77,15842.042427654771,0.8187997900496973,0
52,75566.74532441676,0.9571897338591081,0
69,92333.82253351806,0.7608501188212864,0
60,67091.02148850693,0.259448920425869,0
20,10962.471131250002,0.011168398356501408,0
77,1091.4686028282483,0.6477980583735786,0
67,17955.636364310387,0.03420557396124124,1
53,36945.49470768481,0.8971051112695507,0
54,22166.791884636037,0.21008393856886642,0
76,61956.9084865415,0.7503199718079421,0
76,54785.61872395982,0.8679908694117899,1
79,9710.444803182447,0.36707789400447566,0
51,29424.860638401227,0.41216522395771815,0
71,59564.838552032095,0.8095388578741204,0
39,80857.7980423494,0.9638365035093279,0
38,91233.51395764142,0.6386072885552868,0
71,48738.36056135876,0.17897584516184017,0
80,86528.33104619519,0.4385861067078487,0
55,36240.36778552703,0.766357339489907,0
33,31756.78273302614,0.1321804440857549,0
34,96884.75515378882,0.839562811268532,0
75,84503.62655650142,0.9145960536005387,0
55,72628.25009496116,0.9525251749903503,0
54,47596.80179402652,0.41793726417726396,0
30,39274.79264941981,0.5407762019638109,0
68,87505.28659026057,0.2619332506778628,1
62,70704.78044572803,0.4617423280566465,1
66,8342.15213854876,0.03158389362734271,0
45,15808.290707225444,0.7835626351582864,0
30,48385.65124077433,0.0734734248845822,0
38,14976.1671198243,0.661217883744947,0
78,27602.623455680427,0.3049671225582854,0
80,17935.650340980887,0.45138791943196677,1
78,39500.17248796924,0.7702698480464256,0
30,28791.88140758393,0.7617342851051684,0
52,75530.35567395984,0.49305637188582263,0
43,30075.344439389253,0.3551416724843359,0
26,97447.99944313806,0.0718955997074956,1
76,15069.722223197268,0.45882894965715804,0
21,51624.07370094499,0.537346917122543,0
43,10147.33576719839,0.45921134916883544,1
42,15218.878289956278,0.31595983198140143,0
31,83917.28322615204,0.9105366113571064,0
77,10459.860611645225,0.9553550402051002,0
45,36457.2914947215,0.5714734792085948,0
20,26455.76191466121,0.7022438968723421,0
40,75530.76297540464,0.8859823328015262,0
54,2253.534891549878,0.9926641239904355,0
40,7953.000532701486,0.9976217502452231,0
75,28268.710173822943,0.7436743876292634,1
70,70050.42162793787,0.10863137861230587,0
55,12027.932909842877,0.03204835618296975,0
74,40318.02522538531,0.28853028720461193,0
43,41659.76375848246,0.28754889986461174,0
22,65012.55705165062,0.2813354113964349,0
55,72403.43745745381,0.19734029392419505,0
43,75851.95065561928,0.25121033782095314,0
74,47495.339155769325,0.8917191504700839,0
50,72395.58504880266,0.1314677206147108,0
31,85659.38802230525,0.32987355304300947,0
22,51606.880758988504,0.6586521457957651,0
37,53397.90077986819,0.9323903144782278,0
69,67615.40045616013,0.08294794538992056,0
71,86092.57158538021,0.8919277191509234,1
68,69356.16882681652,0.15214425215167748,0
64,98618.52907423451,0.1555715638799654,0
32,21768.941435327095,0.9708016939505306,0
53,1077.7066274335255,0.8092054156766209,0
26,77846.51862950124,0.23075124137130187,0
45,93804.43227995661,0.6841218841638664,0
29,43492.92280736435,0.590518819649309,0
55,56635.68676219226,0.38623670811973443,0
37,86445.06530354828,0.19892463142779204,0
66,47801.25040525787,0.6456531193152014,0
61,75087.33809353656,0.9611893134970838,0
49,35653.26534413286,0.8091116641532187,0
59,88792.4037338764,0.3588497509600421,0
30,84742.68416198442,0.8533693190047447,0
67,59427.6423362429,0.013570110040329042,0
38,72018.21034672626,0.7771843048944002,0
42,79701.28329361083,0.46675687993340176,0
44,41669.84411802177,0.3749323045250088,0
20,21097.390795253985,0.9856300653622234,0
21,13698.448506657089,0.4873414947287429,0
30,51784.220496417125,0.24744941933199505,0
30,75491.17046205189,0.9486470226554502,0
28,94194.84704659108,0.13543168921029036,0
23,99868.67989707417,0.19448917300261048,1
61,17159.039959581187,0.7495687502167657,0
34,88821.87828808471,0.12490416871275078,0
78,1205.2177251059525,0.3654076066965096,1
20,41063.065889397294,0.15198460104949918,0
29,9456.892338760652,0.774239792443848,0
55,43715.929132714686,0.792366469247013,0
27,82050.51004087501,0.5096480395760223,0
34,2222.7953758949034,0.6617822006369727,0
56,73278.3245133894,0.3413097215489125,0
54,47418.388828412295,0.9563749088675577,0
26,14583.33850506557,0.13713703977734426,0
79,86654.58904027191,0.9058021475151021,0
37,14023.195757675196,0.5318289922724226,0
66,12847.40487496909,0.6389548371085363,0
58,38319.71655864545,0.6450392927244206,0
29,59713.5745844201,0.23522745348972407,1
19,19770.573129641252,0.9079136865464527,0
23,29596.6425687389,0.6421569319465606,1
48,65969.2471482098,0.010061542822615954,0
57,29762.53295310407,0.1562959343614443,1
58,3644.0459292950723,0.01624468445278593,0
55,19181.266519154844,0.36220908810961006,1
39,41901.07818352046,0.25804911679238973,0
22,99780.89457263722,0.11551831363657228,0
67,59676.43315666302,0.6345513146600283,0
28,90214.59637910895,0.06334340904154612,0
56,79778.86851711848,0.33628152880429985,0
49,71877.89490772849,0.566315632938724,0
23,30200.308891678713,0.7985877002621306,0
59,30151.75726130659,0.7913977114237022,0
58,94686.93649245212,0.8386606648219257,0
55,28697.048369008844,0.7595923139684131,0
30,39418.98471434951,0.3551933172852628,1
78,2290.827207057205,0.5661871105664398,0
25,40349.35861508954,0.9179619037861616,1
35,51606.233032382246,0.6029792318361742,0
37,60478.1006433552,0.4237941517695112,0
55,96166.08426592381,0.6411181609996867,0
33,99954.62226964941,0.23033563547529046,0
79,83048.2224646866,0.22586987120240598,1
23,97241.14616687511,0.638318617893549,0
19,82208.06198888524,0.7277509359028638,0
64,9552.413893271412,0.103534527470176,0
27,11810.048934596398,0.6758496330919246,0
66,59078.69324869733,0.11649728521156855,0
33,81589.06700232616,0.4501727878652938,0
77,33117.76008128054,0.3924307859075332,1
57,82562.37024884195,0.2318067397181569,0
48,19848.755037010582,0.644469423309413,0
44,72203.9410536746,0.5556880024980464,0
48,1565.5996556479854,0.9476051748584501,0
54,11835.533576884985,0.3257202854610102,0
50,24643.617056288367,0.7638222718825355,0
70,53976.116439728365,0.8049834202326482,0
25,93579.01581062493,0.36408138214153074,0
39,2255.262114986777,0.6131900514493756,0
64,9457.464812179334,0.4220525238232472,0
24,61225.810664378434,0.8512626991864095,0
24,22785.33423074127,0.46506083306056245,0
38,70628.41248315135,0.4402654281639453,0
73,80479.11305534502,0.44671597813084796,0
29,57307.70548897775,0.12374111716757963,1
52,85068.01481673132,0.4896584440933802,1
20,84363.52714366037,0.9110594857295022,0
65,1066.854095214371,0.601494379633496,0
46,93020.85233310678,0.22886959845530597,0
32,15099.768371112717,0.2427848401006476,0
50,23723.273795718356,0.11067995767706429,0
59,14701.209342405533,0.14768906685238292,0
70,14252.927694349977,0.21905018517321917,0
26,72014.94026193261,0.9438550973816048,1
38,59243.443599704704,0.4796975093040273,0
42,52562.53050707397,0.04434261612457546,0
23,86020.9228465283,0.24556827478401477,0
42,72897.19848443962,0.44600074171305915,1
38,62024.4364422469,0.9662814397439705,0
25,84366.02823853998,0.9729095702255863,0
73,25734.788116227715,0.9825782332292237,0
38,23564.65606845737,0.8766134888666474,0
54,56553.301142072676,0.2882805755359128,0
21,38851.36926210999,0.8437399053854534,1
44,55001.10378418478,0.935562847184743,0
43,6674.797166314549,0.8162864542094258,0
60,91964.22437095435,0.06741760104887595,0
21,64832.719338928204,0.9010854266436297,0
57,57951.25979039356,0.10979746499284371,0
48,43041.49731011241,0.5847943502619855,0
41,19485.401851478764,0.8718445132510381,0
55,40761.46797086329,0.4537852004433073,1
65,90086.65213427908,0.6690946555951646,0
70,70478.4457880714,0.6036215859503248,1
47,3823.843886108871,0.259255664243516,0
39,39033.547087871295,0.9271732684907777,1
31,76784.61148914752,0.0007977437010280308,1
61,57198.88632243107,0.6716837300307504,0
67,81501.01318409952,0.16224906686933027,0
34,35584.45065076954,0.2776717799124879,1
67,80894.64667378306,0.38293519074082427,0
26,34355.01722362018,0.31854378764063884,0
23,69290.24584422269,0.5558721484088415,1
30,89772.54352909543,0.026528211470904006,1
62,15302.57956238286,0.9379806016382228,1
24,29587.774150265013,0.6703736207063776,0
26,66445.35406860999,0.30603468234313347,1
71,2387.2560659458823,0.762324423794917,0
61,16342.19977765832,0.22141850454094403,0
74,94940.15265823738,0.4166129819913513,0
64,90947.49744861484,0.5057262157703895,0
70,70417.8547837807,0.42931737078654764,0
28,30931.072926904744,0.7914044551004599,0
22,45769.778419443006,0.19757152154943924,1
29,89321.09655742698,0.24347230374158146,1
72,2989.920918170801,0.5520279055309378,0
20,57139.46690154812,0.9672939136160521,0
23,53967.412020456075,0.7317757779907373,0
27,19665.335507137665,0.9398030182043704,0
49,27569.828104465567,0.9495574499095794,0
54,48742.78450755669,0.6520953792330961,0
52,27716.52871699301,0.4303437465911517,0
28,82934.70401331664,0.6378205696719365,0
23,6632.231605449204,0.3500847067906002,1
29,36863.91417907402,0.5692009678028221,0
71,5938.183007742417,0.1031745959511049,0
41,92574.06615939758,0.67339502081262,0
31,2243.304037093844,0.004696838064346287,0
76,42198.75530356695,0.91270644396142,0
38,70678.17600273204,0.7063170895558321,0
48,88970.3229343774,0.3171769352825351,0
19,8538.857113421724,0.01202759725253566,1
21,44579.02724331447,0.6350031360847119,0
31,60178.70036760974,0.9203196017742675,0
18,86470.72369361161,0.24427477532162112,1
70,13815.284833062498,0.44828201925812405,1
63,61586.055294018144,0.2778175732267074,1
60,15580.81523725032,0.14876660487158244,0
65,48376.77231677531,0.12468601358429321,0
46,48717.73445336517,0.7350774916907792,0
70,52734.48856922334,0.9929982606530985,0
19,72181.34654535803,0.09392073064167783,0
55,43834.65249188541,0.8849222586331068,0
68,36418.75447770483,0.7730376990028008,0
42,17055.150198766885,0.28241023104252283,0
47,22386.05965183238,0.916739339993331,0
22,52340.91708691662,0.6992649784867856,0
34,51464.323801888575,0.5124441436501435,0
78,72493.11068567743,0.7714152284288124,0
63,48111.18328118923,0.7618065326212518,1
54,2387.4396797177333,0.991039405738376,0
53,79573.63338999671,0.377089956089096,0
18,2693.9561034789413,0.534201822231912,0
30,97180.22581137622,0.7255352130872376,0
20,84024.95265155785,0.7729284587987441,0
28,32467.26438746357,0.38506722144720396,1
21,58994.12265421837,0.655741953683782,0
32,64181.412463041364,0.03326857536468453,1
31,53589.98184811191,0.05720281806177818,0
56,57558.35882250147,0.1161085850449024,0
69,43532.57719032938,0.15420774057801878,0
65,76574.27417041251,0.8354177578942866,1
76,72848.98823545412,0.7075469108158322,0
79,21708.712732180284,0.3312551860535746,0
57,42868.77752213479,0.33857910757609566,0
57,30430.051420703832,0.860333571826198,1
77,60149.203433337534,0.7590885278583113,0
22,74209.64172766442,0.5940880129367534,1
66,54628.17208577805,0.04116602360823263,1
66,62013.231158947085,0.4644922944694311,1
59,66663.4934220513,0.45780661006870516,1
76,42145.06888573785,0.048305968357332474,1
48,83500.56823362737,0.6467017422679531,0
31,54229.35789601265,0.8589596183381788,0
80,28598.7670645352,0.8319480808628147,0
64,93138.26346192205,0.9399600763455899,1
62,69019.54290706248,0.8249119328073194,0
69,97093.87386715009,0.7820817848756444,0
72,49695.83753612047,0.22137538716228367,0
21,72207.47924348444,0.060335637138086096,0
57,12068.585887194691,0.5109480023919277,0
48,97811.49428011788,0.14384715945641469,0
20,22843.048442538045,0.9092215081919658,0
77,56192.40304613042,0.7724329464906388,0
72,49000.89967704518,0.8063399829789942,0
80,55520.196296697664,0.7845768276406989,1
60,26941.544337810406,0.92111998071675,0
43,87447.21297292005,0.012868778365503264,0
71,91094.03093567242,0.08186475508556301,0
52,36237.07174582676,0.7390187417009908,0
72,18784.925793845807,0.7057331766682435,1
38,97254.79099649971,0.49116680361282616,0
48,60418.82652827946,0.4312533406730761,0
29,62204.45800508797,0.5330706937824291,1
70,10321.825188157027,0.0027117965979035485,0
42,35029.60410242658,0.26987837946209814,0
68,88459.04397202394,0.710460264669438,0
68,72421.52571157708,0.36947161265106376,0
58,55349.26332582125,0.6864638569004242,0
35,6119.552285187619,0.8807527852753029,0
44,52832.414506659195,0.285225538524958,0
40,90325.24525104507,0.30552082529535285,0
36,95341.66507261166,0.6825489987356637,0
35,38762.39595544067,0.7011812856394128,0
64,48174.878281877754,0.633688038936494,1
68,80894.46815502808,0.3452843487042092,0
26,55644.35987820102,0.5266481255250284,0
48,4097.243156040429,0.33190675118258617,0
65,1859.5860666484782,0.26038298297625406,0
57,91148.75572984184,0.5903317217282903,1
71,38276.65386226905,0.3178057476279379,0
21,40597.03005546717,0.7213647667842944,1
72,90654.26172298644,0.8190772842385697,0
70,90773.52331094164,0.01411346003936298,0
22,47901.018450594594,0.08826510174485946,0
38,42338.65242708034,0.86917243346064,0
78,88416.31825185755,0.6244317814076352,0
24,70952.19240666398,0.7834483048984535,1
41,17519.311197695166,0.6152999187034799,0
78,89370.14593030236,0.27310189982381483,0
23,69310.09774297367,0.5037948836208052,0
49,75457.56453534536,0.7054454270020137,0
69,45455.80988918048,0.3104362920244568,1
51,83563.80948201238,0.904548819438966,0
61,33469.093361883235,0.4257597877543652,0
39,56166.41353063732,0.5250261660927203,0
41,18302.771687366218,0.06061089174439427,1
28,99623.8103547513,0.2696861168279542,0
42,7699.8264502269785,0.9721297492253422,0
52,80657.82947468586,0.14189886148438513,0
19,12037.393507281884,0.2528389036822859,0
59,54901.42437266815,0.72761552464648,1
58,95726.35073307288,0.39721654097306525,0
34,40269.195577862185,0.40546092193410965,0
62,33229.08696925256,0.5473993868347227,0
68,11306.326559221605,0.38952391467687375,0
55,17107.906040782233,0.4822005707110505,0
43,11716.64391201683,0.21382904009605908,0
75,59104.77307071787,0.9204922202090294,1
23,35410.14320203835,0.4038426871011507,0
46,29778.566510183962,0.607143962783858,0
71,32831.05960111408,0.006448716631220708,1
42,54028.56778483466,0.1364532485602149,1
34,53609.720336518105,0.7657210507149605,1
24,12455.367290867529,0.5155874786740292,1
73,36157.24197684465,0.0517141582658418,0
58,9600.179750762647,0.6052527893221601,0
68,85133.20054156637,0.9742038211037266,0
38,98443.67926259052,0.15012425050439548,0
63,27590.679722587676,0.5793326323198761,0
64,59115.267648979374,0.4680561172376938,0
77,88184.44421026687,0.4339223583076165,0
51,97302.38780869632,0.20739033724656553,0
36,18055.74975780347,0.45713170713591544,0
35,83124.80189519314,0.679747762320695,0
38,92312.65305777098,0.08332933724848224,0
34,56012.80610473031,0.8449985080271031,0
38,35866.68331763556,0.3824805122999102,0
21,61988.364505010075,0.05591509800873762,1
46,67481.78965389093,0.7185353255518806,0
72,77071.18550203134,0.4331264634504258,0
70,94143.2884110495,0.2207851970142446,1
31,94280.20997560775,0.385512445333381,0
26,40218.81165353201,0.6864156808882397,1
43,96995.76539032023,0.6836806981023622,0
62,22711.848403341617,0.6424748405373594,0
42,58445.60888959183,0.4922064803082584,0
33,5783.146465458922,0.3292165101610389,0
51,53732.9477411129,0.5083084039110942,0
62,22055.07820394539,0.4466021824595512,0
30,92358.48095047372,0.4123631029861956,0
36,73741.0349429588,0.8327415476691598,0
67,76017.29113566795,0.8592813129922009,0
20,81267.43909199566,0.3787473786743282,0
18,8307.898263483714,0.05372956538267748,0
32,51509.132394666354,0.2710138065743024,1
70,52030.34011286068,0.5112461726241059,0
58,93725.8613990182,0.18979654642110189,0
65,19505.02267670338,0.6321605424672371,0
36,47574.405423318,0.46227115410797526,1
50,83562.9364853509,0.1993521422714558,1
41,1875.4937337616539,0.624793798165292,1
22,65476.809913422505,0.8504687703401053,0
61,88547.79067842195,0.5528605910607498,1
26,27042.751926304594,0.6881355441430734,0
70,32783.22017491741,0.3335555548811425,0
48,16490.896483569653,0.427492635745797,1
48,1752.9303894192983,0.3066333206571973,0
40,16483.397544954605,0.6541078843827003,1
72,85163.07172258133,0.6936768647237177,0
36,58250.13990715396,0.25023473630840865,0
45,30158.79973411671,0.717445817179184,1
27,60365.16653550136,0.4208639760142534,0
77,87338.57570311261,0.11131160656757744,0
52,57461.837596455436,0.8884427321321199,1
80,21794.573238177894,0.9994314301569296,0
71,44723.12551798567,0.18954767059744104,1
23,71563.5873518557,0.5525475538041204,1
80,83129.85480247329,0.9898182083875287,0
27,37150.25281429762,0.021167446353925534,1
65,9246.099522190161,0.5276524057614331,0
50,45760.29568357842,0.953964643266104,1
25,13614.077524079246,0.877666105564341,1
53,66075.09711198955,0.4716828548968427,0
69,49462.03061911653,0.9427770222615304,0
22,14867.602896554159,0.5795431754009901,1
34,10105.949301724497,0.847693956445222,0
72,22078.306722635774,0.8087056107272924,1
35,55149.23002141935,0.8009388652140929,0
41,95686.84480176066,0.6453849518920016,0
67,70108.60362681045,0.9992669376646715,0
21,94138.95723939186,0.5258733269165232,1
77,48609.52754986176,0.7912238052693762,1
60,3241.4904913643136,0.05333450503777559,0
34,82265.86020922368,0.9269522175005676,0
35,94165.39659764555,0.9061978291369962,0
45,75956.67977523111,0.24893948574872882,0
49,15038.042070668605,0.6897699627935322,0
49,62761.60281435252,0.12273955532129666,1
55,67616.60401238909,0.2914322447875657,0
50,57209.17570533571,0.8355412134986144,0
27,4297.178873497569,0.945818319197183,0
19,18734.447010904376,0.2828020208468628,0
35,66041.42666916952,0.4233694785539899,1
71,59144.84973356634,0.30511164032047855,0
78,3865.462736013554,0.01525489988310158,0
51,38853.12053897662,0.05359928377182577,0
29,85161.99472635752,0.08691881767636134,1
55,31795.83179163594,0.5006045721579048,0
46,91879.76912858358,0.3338676539086497,0
50,76735.76861507978,0.734109523727001,0
23,49687.77596899754,0.10946990654459998,1
80,91460.56284458685,0.17378088377112233,0
46,65804.92167517936,0.13296897330449498,0
70,17066.65236463382,0.3722288312744767,0
22,44194.59355552166,0.9298694322450616,1
80,59942.10243648627,0.039004857206323296,1
59,23037.91340066141,0.4988211655406909,0
66,68333.41257342092,0.41878524085210833,0
47,7288.2633444714265,0.3997109265119998,1
30,26039.34786551936,0.5532874085392291,0
40,60807.315958758256,0.5883361446469507,1
60,51522.59853317689,0.9812392668298816,0
23,90858.76165057179,0.7159128882721407,0
39,92248.65842209249,0.8839037932969852,0
40,51888.12901503265,0.5357429257871376,1
68,51630.69948444037,0.5146826203849703,0
50,79002.28904285454,0.892141725646391,0
65,78646.65397892488,0.9944595976224608,0
70,78056.4563438652,0.14108344307635712,0
24,61571.03633483154,0.8910312830326751,1
26,20791.114995255302,0.13142051932953958,0
40,22070.92497549719,0.3922590072837302,0
59,57558.40300650871,0.2910127272074502,0
37,21437.312333715152,0.6292456401665224,0
41,87752.1984613171,0.8232339972381999,1
62,78070.82730564677,0.9457823209148043,0
26,98794.67889710066,0.4347637834981095,0
19,55148.84855362779,0.4702306340618463,0
64,84482.82108125034,0.3172641711345857,0
53,91747.09127493146,0.108016857262342,0
64,44023.23020837105,0.018379550752803175,0
32,4731.33887498432,0.2338726058423406,0
78,67134.86462084345,0.7504692946534138,1
65,7238.793280479876,0.588374379741639,0
58,6249.359351607542,0.8469761108185789,0
67,37488.09307030757,0.8052047227548734,0
34,15453.618267095266,0.7643335761482382,0
51,15529.42062432751,0.8021155759316847,0
50,45328.77069458881,0.7688153287562186,0
67,35623.81152884062,0.664464994802267,0
18,88454.74291421467,0.027929139374065604,1
70,38749.43592877166,0.422281133072417,0
49,6519.319605521424,0.5607983627046368,1
20,51554.7066615174,0.5718625416095195,0
28,84908.62118977653,0.9807945554933566,1
79,82029.62339473816,0.050272898086406226,1
27,43565.36120917663,0.12827931101166268,0
42,21908.410155664493,0.14057356214850714,0
73,64791.216976700365,0.5493749275144985,1
64,31514.248555176106,0.12012271971786959,0
76,13146.56823895551,0.013048814256453434,0
28,48220.690543009914,0.2393103553628082,0
42,61303.32720707451,0.36007586090105137,0
69,46540.53475104613,0.4758061108459064,0
69,75479.08476462378,0.8406846229999779,0
52,94490.11084432447,0.13492844892969924,0
18,24446.414910182273,0.8645826544338807,1
37,53433.907018100545,0.5944279820968916,1
54,38907.03141186866,0.8640634464170012,0
65,28899.855404253518,0.46209752331788845,0
49,26696.832219538242,0.014745340346487223,0
24,56071.7027567966,0.3083964071111307,1
40,97889.1893087849,0.91628361910323,0
73,17706.313663190092,0.24546024896873386,0
61,83856.78559790902,0.9726018169305967,0
69,13167.161990992503,0.7660956918531678,1
22,79805.91654746879,0.643114564821536,0
58,24824.785785796987,0.9884629809049931,0
39,24078.0016539752,0.12670256721003148,1
39,2333.988249301736,0.7096730432003753,0
55,73441.54044249961,0.37357886891938785,0
60,52099.93100518442,0.7355345670151944,1
18,63023.55967452104,0.1702592760497048,0
25,41613.23710086659,0.6251440938383759,0
64,41423.15346559441,0.6315579844830241,0
25,11740.999283422025,0.41735236404998477,0
74,68279.19563019864,0.6241291690779158,0
74,72674.2001568485,0.721688867301218,0
54,43566.57157172477,0.9601879331017826,0
49,30053.13153711007,0.800369503924502,0
24,49894.865384021636,0.12013977816293309,1
61,36687.444422927874,0.22655350249392425,0
21,45774.93094832652,0.14187418685275954,1
71,18675.960731139738,0.4836360448810533,0
23,4759.347540510053,0.9858694380081482,0
51,24018.58114663562,0.9162398549315715,0
36,66573.88393314133,0.5767717745221866,0
33,24771.45327919194,0.7059853940854037,0
68,90127.51134972977,0.9050375197032057,1
43,83740.48530638982,0.04196529938058735,0
27,84045.545759345,0.48477192194167185,0
23,67614.09301612298,0.5756850050890402,0
35,16200.246665792807,0.4428145740866867,1
32,24598.184796123543,0.5763629522760172,0
71,27211.239948087237,0.02799650224362238,0
62,31776.783664397502,0.1932325113944483,0
39,63926.10798411139,0.5874512811175595,1
52,37992.02940945111,0.6745809486171401,0
69,87008.27980360501,0.08581279646173501,1
80,64276.562745850875,0.9073652818516268,0
76,73402.0903799119,0.29226135301826695,1
55,58578.127855499464,0.8168106325863431,0
42,50574.90205609053,0.8465141851675487,1
55,49285.41159087154,0.5322385993212821,0
47,36825.8740125438,0.1597813421415526,0
52,91013.85973052721,0.5688403464534111,0
21,54934.09233658317,0.9120756306567587,1
62,65932.34004503454,0.6129177110771113,1
57,29974.740333708294,0.6789807422239225,0
32,29082.725622203252,0.7451851662229569,1
50,29338.476641224228,0.132524888052709,0
37,84544.00236794051,0.7774584408662071,0
34,61817.46830366256,0.029230243857390703,0
71,15044.578496003312,0.6331140467173249,0
27,57069.43292469029,0.8384680971586028,1
37,56409.99959224187,0.9821517138914336,1
32,42074.22507256536,0.1519639405875174,0
64,98270.51216712019,0.9094182167860797,0
19,66704.31743048322,0.563761516968371,0
51,50478.39281810026,0.9075016270438093,1
80,52593.38985425482,0.538480825201573,0
73,88468.21342483813,0.8043162864666138,0
35,8008.988237354349,0.7159432286975344,0
25,96146.57567405583,0.8755797530347216,1
55,98270.9787199381,0.8149587652985905,1
50,49346.73992465397,0.9293747711865059,0
48,38280.88480890298,0.4932722907942241,1
31,91095.10869350293,0.6120852406728147,0
22,56588.60394254467,0.9400624207365177,0
50,34100.50812517148,0.02747575132780611,0
35,24351.869569896615,0.6457451747024671,0
65,26954.655701263637,0.25495901909334395,0
35,58628.058180094165,0.4148563671177845,0
65,12023.497180614811,0.5629834018164365,1
46,72359.52918640547,0.36497551055256916,0
42,56391.71624751684,0.954336475684772,1
40,76377.4053175481,0.26872070645103574,0
19,10755.795051089537,0.23724833311924887,0
66,15484.213508465331,0.3312302236753303,0
26,26226.648543462532,0.3766260743718104,0
28,77161.49693804097,0.03701272905921171,0
21,74928.69935716614,0.6050500417318806,0
20,93898.37234745768,0.841269315054323,0
74,13177.385312033053,0.23623176345119712,0
56,22564.545303977007,0.4918368514655782,0
80,32663.882954094774,0.9784081964528686,0
60,63895.1463493259,0.45638964846584296,0
80,84684.37800803501,0.06055111482240261,0
47,36897.672905069696,0.23765104716955743,0
29,80088.46222176032,0.8096581099053035,1
46,80563.3078982646,0.7146708444753687,0
67,78879.58402671719,0.6297872221320994,1
21,11748.100469879517,0.24227354705226856,0
33,95179.85850121775,0.14524508556857085,0
37,61038.107842754995,0.920577960711225,0
65,87006.53313902528,0.4694124548416744,0
36,75694.72085055888,0.22285575039081118,0
29,78353.37757778153,0.9091098081165992,0
55,70467.68264614775,0.4467530698430747,0
76,59972.014407274415,0.7146807855103485,0
75,18478.8910479263,0.20122579233197713,1
53,84870.70868524461,0.24126044110709954,1
54,99198.75546781492,0.48887502552628537,0
28,29148.060929498293,0.6348282117500431,0
20,79443.35408170105,0.2207873642336261,0
66,24498.961547759194,0.3935111668091702,0
49,30517.711078697303,0.2521377286395996,0
48,76545.40002543447,0.9615449942260094,0
18,64839.86255483032,0.23299295306213563,0
40,97632.45822932916,0.7789992639307455,0
68,4405.712140860141,0.5107652596601494,0
20,23648.669727434382,0.597196362877732,1
20,32560.40639412901,0.7582845730773854,0
24,23102.925387735646,0.8987995588385139,0
41,20593.16342177053,0.28076413864219496,0
36,16140.934552395514,0.0247990513387093,0
55,65865.26633701503,0.04188785374762527,0
67,18757.692478057892,0.45438434226384194,0
45,10291.028179764478,0.45497743906670896,1
68,22408.237723476424,0.3192656061430824,0
65,82916.0221281234,0.7559131429874899,0
19,87706.06667211812,0.6752163866773659,0
51,36206.305762853626,0.8549098437230395,0
63,1132.8314541395687,0.22312691758440073,0
52,44518.26119098431,0.7951810784787522,0
21,27049.390915027874,0.6964497206209492,0
50,69795.61826135866,0.6088714896139179,0
75,23367.5592093559,0.7118499093120471,0
75,12601.059904705167,0.791377813069748,1
66,43939.93842316236,0.7636475648813853,0
64,74408.86658974172,0.4485862687359794,0
73,65087.9052430917,0.41872712503863385,0
67,45512.67948770237,0.21830352353727722,0
59,83454.41986435495,0.7011450605994154,0
20,26185.530758840367,0.47646075987752323,0
70,89683.68727214097,0.5578246544281593,0
60,33840.67008711874,0.5438138291591149,0
59,25336.93774073912,0.7638186143270211,1
39,79916.70867749305,0.5179695143641061,0
52,17606.7344523823,0.17153997157246237,0
76,71700.84580532677,0.9833149803402365,0
67,82181.07658472228,0.6272618407720265,1
19,76274.48248572958,0.8608951232929205,0
34,66191.63787863983,0.4510579491508402,0
70,39832.170473609556,0.06949355508897548,1
18,30097.007988517318,0.9379105136620576,0
68,50399.894641211205,0.36964021160826777,1
53,57425.112724706,0.6555347202646212,0
45,99202.46497075791,0.8350253713055913,0
44,25922.315555580324,0.10569119578944863,0
59,23580.776950464715,0.7906823518313176,1
77,74510.84852983289,0.2974400419366853,0
29,40296.992373369445,0.12172261704140586,1
29,65045.1289922443,0.375355655962763,0
38,80799.18290221704,0.42573072896428477,0
67,81335.37799425534,0.9249216988334725,0
67,19425.391553569578,0.5388635413363372,0
43,9406.605778983954,0.9153103464093699,1
35,42125.57941985451,0.29212670186134104,0
25,18589.080239708193,0.6180973797702342,0
39,74966.84310805034,0.7129215603207804,0
48,25149.346155095544,0.5628120855357509,0
31,79410.26327498679,0.5532680348346004,0
51,15897.076756433846,0.7999745649694939,0
38,51066.59323893648,0.6769106327685236,0
24,2918.4179489558264,0.16329095747746603,0
60,39571.0032649014,0.5045730708329769,0
22,72243.54635394216,0.18412453955434338,0
25,37421.90190363047,0.5480104250435376,0
73,31335.863198145136,0.3310508445064232,0
66,88508.56923652944,0.36962159480761236,1
56,84748.51264169462,0.3703042791856518,0
35,65369.21226893155,0.9006277365685478,0
74,16207.372563074912,0.7456156261435237,0
79,80371.46293621644,0.4720144747388676,0
64,3593.115296831386,0.9539401013451889,0
56,12341.51433933924,0.2542918638691778,0
43,87648.52357075704,0.16929083651634336,0
46,2806.859137751244,0.3665509850120201,0
43,1753.5847559374747,0.22776637736357686,0
73,95676.27186458238,0.5995687446334845,1
49,88915.50423282878,0.23585941592437165,0
62,39633.021320460706,0.48802122819294325,1
41,10191.841114434828,0.1422268941774517,1
51,10313.367184702283,0.31041289317360377,0
32,8138.917124201852,0.9620713374340878,1
57,27274.042773909205,0.8014192907932829,0
51,28074.48916369166,0.19232797866453744,0
74,84668.85606263836,0.2603069354030252,0
70,67312.79351298827,0.1991002751650266,0
19,7108.572409552994,0.8666101427703407,0
69,98234.31808839175,0.6802403962139196,0
26,24864.988571807087,0.3017263589803755,0
46,69016.37867879677,0.24900825315868869,0
34,74587.32074181752,0.720634171940393,0
69,54570.02763228161,0.2584836063724927,0
77,6616.198735668857,0.274473822783711,1
25,33243.77048670785,0.03433767083183448,0
70,26608.510915773608,0.13057786911349056,1
46,58095.848073206034,0.27184105230148115,0
56,57114.82699147369,0.3880446310254775,0
63,71277.48656088464,0.9482591609265897,0
33,21873.763520321892,0.34704484599943775,0
42,95222.91971258738,0.250091230948717,0
49,8946.243061313773,0.08042374130920238,1
30,65185.800138852166,0.5522413401834779,1
40,22356.009112745178,0.17261089896096438,0
34,86799.77125051887,0.5829147080806848,0
37,30511.12661598627,0.022785249072672875,0
72,46360.732610868,0.9960889284576198,0
34,91593.85122034025,0.6946193636442579,1
79,35282.374041868396,0.2995199743328516,0
68,86866.17181601792,0.1862773573670662,1
48,97405.00161274467,0.8422907215914881,0
62,53158.01437140827,0.28196594044483336,1
48,9930.280444255774,0.40704478845861947,0
34,67018.33613042995,0.5690204964284953,0
30,11147.398236848045,0.7242782680685413,0
35,88305.83034912503,0.012740057787532066,0
55,59371.31171776837,0.4521870246199037,1
69,65000.112734064,0.875987550319535,0
42,13120.239750948309,0.3030405244804415,0
56,55890.10098119572,0.40658678710205787,0
22,97369.6561983139,0.0845963172805364,0
20,27383.241970242616,0.5135069633140135,0
25,10853.185226555774,0.5471814382065533,0
74,19554.22359947733,0.4739256947635081,1
34,93580.68950361676,0.894809558296073,0
69,93175.72212866352,0.4334241179181353,1
38,56990.6822284681,0.38750723042668356,0
21,89604.02339771723,0.45339860693419387,0
26,53128.13045792174,0.6941729564194828,0
29,82361.87422210308,0.6455976427335475,1
52,14595.26355604847,0.7147730352056109,0
23,8633.32937112949,0.3700384447048123,0
61,96378.20237391096,0.17646022964781982,0
36,39772.45993706236,0.5230613297554871,0
61,64330.85148781109,0.827624995110543,0
23,57459.35828283528,0.555479258456681,1
74,10792.075355344095,0.291915469223219,0
44,8983.961353571402,0.015753988143181963,1
71,96416.14791142395,0.03494207111921366,0
72,77953.84061366388,0.930181401420476,0
72,74014.11130965859,0.5313437211621514,0
73,96738.67710459886,0.728933870242338,0
73,59524.300289279374,0.7897441493394664,0
46,9452.284824210019,0.5192863210453212,0
70,77255.81668008943,0.7069738265424494,0
21,47659.224979670114,0.042519454943448665,0
19,34829.52951575238,0.14801049595477955,0
72,76905.37564418773,0.8118066873394353,0
65,54813.368120686435,0.32835021485677285,0
45,5987.048534130213,0.34471135202096015,0
34,26809.93901430856,0.8751992357018957,0
36,97946.47444038992,0.8415521032785643,0
22,11792.462254840826,0.4317863452362083,0
27,96043.60623921087,0.6870116778353971,0
72,16056.196035831123,0.4654337849967469,0
80,88354.78843041611,0.6180292437227244,0
78,46946.2088733175,0.8141596189041461,0
79,65734.83506250635,0.20513386650779142,1
35,77780.62919746706,0.6248903628373788,1
27,72564.99346611371,0.16319560658744026,0
32,81340.99996297027,0.5026167326910609,0
62,88240.18773061212,0.25107923761767303,0
56,57177.33688341423,0.6473485109530726,0
23,60616.158284633544,0.5813747067901471,0
43,50231.481455722685,0.4246379246277745,0
55,64153.69699575207,0.8091224460514613,0
25,35553.37036538965,0.9411902719286909,0
51,29554.064850686274,0.06968033541945151,1
41,57842.28431789932,0.23708905438928407,1
19,34064.77432613991,0.5614635617467212,0
60,61734.73137708556,0.49179071118563256,0
42,73824.60223436881,0.10574190532069627,0
48,90303.1425376521,0.9820491724932884,0
61,56048.60219404276,0.7879005462487462,0
43,78133.99970711418,0.19484905903270278,0
37,27611.535009172694,0.6782694059369353,1
79,67762.28930375674,0.4962133865494599,0
80,13286.830327849484,0.14767112486109668,0
70,76987.67723181179,0.05968732868857707,0
26,97877.47473597997,0.6432134349725742,0
80,35288.619359460354,0.6129775255445244,1
47,22993.574793196032,0.3023290790889789,0
51,86764.91602840592,0.7724672190073176,0
36,88083.3722602199,0.6028333991720929,0
80,39221.78581613528,0.49781716191674197,0
71,88355.24381503245,0.5922642818350642,0
77,3321.5375890012942,0.68386960595007,0
66,14357.053635179622,0.4207206057347319,0
79,98472.56574060764,0.7050325397914989,0
55,57013.705587776945,0.865406156277884,0
18,91993.35539109512,0.02074124377694897,1
21,27515.351593795644,0.5474094847526148,0
75,84814.42745317915,0.5158900378539198,0
50,92618.04283524529,0.615043937800295,0
46,39841.70440051786,0.6923641626593702,0
71,48823.25858393078,0.7543886005439269,0
44,8273.465170150943,0.9508219152976346,0
60,74798.0961364504,0.8276671407741033,0
56,93305.99405024096,0.9639497183242148,1
58,88205.06106824268,0.3926083726810671,0
40,63093.881483421595,0.641386326451394,1
47,46805.258018463115,0.003248754253414643,0
53,71540.14320603471,0.9331614889229615,0
67,3848.2090722770668,0.3467106912901322,0
59,83939.87887459905,0.4320740685692287,0
37,26215.979249434982,0.11892391329695817,0
36,74132.95346148948,0.7967288328729375,0
53,51478.37012284054,0.8405997839844622,0
68,61709.72339398694,0.8089378012043444,0
58,43497.07433689869,0.9631688211762927,0
68,73961.14816720276,0.9089839511083044,0
54,83750.32776686193,0.7723021871469268,1
71,41101.64309278992,0.6377155891611836,0
68,37510.09627418894,0.11792303071092258,0
43,21463.385284153053,0.23445202122641307,0
56,91907.80907612978,0.20898153686075516,0
79,8413.242877701203,0.6589696416462072,0
59,10189.694242448604,0.6009224793268326,0
54,76038.43305135482,0.026718473557794664,0
53,49901.1711725922,0.21721151509541925,0
32,86572.8105305909,0.9310629921344267,0
60,30870.38876631943,0.05532329049691065,0
26,48245.43243833483,0.9976339843600451,0
35,6934.353703841909,0.9578381852680168,0
60,75585.13953621878,0.42685365681104415,1
25,55202.71523328703,0.8884483550623746,0
78,94953.25045886158,0.0842154346159164,0
25,70461.40622356678,0.02321593196549443,0
35,99800.5548950116,0.7781277359783219,1
36,57304.36398303389,0.19385475078066505,0
57,15621.953851347746,0.015312563115945421,0
50,41087.09661448888,0.8676365255656489,1
56,65313.151066655264,0.4099019981641243,0
70,55476.26374234888,0.2969908232362346,0
51,89155.301087584,0.7150989723007413,0
74,94146.55664658007,0.766979586638915,0
39,32845.46688918245,0.6564464288567863,0
58,11674.999704303389,0.28646001140783417,0
41,40810.14313674259,0.35987820408400506,0
70,77367.69454609603,0.3137659998643627,0
24,96102.41127204293,0.05180359426862979,1
71,32600.47008358251,0.7024138189404644,1
53,97726.74142485182,0.1354204854007509,1
77,26914.927671015044,0.34422592594945045,1
56,25414.13711857097,0.27541437307781147,0
42,83362.99443182367,0.37270937266263315,0
28,78448.98564384214,0.2591362791816193,0
20,68819.36725006986,0.48586916798205815,0
35,20546.005140891222,0.8998128314677072,0
32,7774.9206476928475,0.9933883709854515,0
25,9671.768770917075,0.8752557020738527,1
66,11521.118992529016,0.29225086057704563,0
35,33834.66473400422,0.47205020830311806,0
21,88974.98573859116,0.7123587125439179,0
28,88843.48581198769,0.8549973887327136,0
33,14117.966779731029,0.04172194875716284,0
18,32498.25661867207,0.9695586135382578,1
19,63755.49598141245,0.5521959841833592,0
45,77906.125747399,0.5014301512847895,0
42,54154.07041095362,0.32856104375710893,0
45,24620.696056648187,0.3601495274689216,0
77,33397.182134259434,0.18280479448109221,0
33,53068.95599016112,0.8395603349104356,0
30,65451.85250012496,0.05650182551781879,0
50,48990.0438354023,0.5101315184223963,0
35,83487.14176968705,0.5217510167540172,1
18,15350.145092662016,0.4149826791756913,0
29,40137.77448329939,0.4162140057941629,1
32,21824.382903141133,0.702929422026007,0
74,15041.90107939675,0.08502729958123356,0
34,79041.55281467781,0.21941669695887556,1
38,55238.75719047358,0.879120146330389,0
24,4523.065605508435,0.1505884536050076,0
63,44656.9330310164,0.9598069420956646,1
53,52151.43814017533,0.45531576417660624,0
75,38966.4122602655,0.45605628229886463,0
28,79317.57765120512,0.8603932601018849,1
26,41550.0024629992,0.17496508333246763,0
27,29540.824840688092,0.80254362599167,0
42,37827.45844048878,0.7696627994025209,0
33,44489.52514927211,0.4277523240917067,0
79,41209.714889462775,0.6294443479427936,0
78,39697.716616214704,0.43194392688452765,1
49,9656.910506398614,0.3379459922536323,0
53,89489.73717314636,0.3874751811547109,1
32,75553.16912998617,0.06811096702020303,0
78,7594.645877402815,0.10326124764628508,0
58,48409.25579307757,0.4288431371670064,0
72,72410.89079688612,0.8787614678760534,0
53,9819.833235688411,0.49740086397559014,0
55,7104.978740713795,0.9410907612793014,0
76,75716.34824452017,0.801069164860945,0
63,62142.43589132599,0.17357011138867995,1
50,62315.76996375989,0.7566338162630226,0
37,72067.0373076569,0.19342674736472731,0
21,59089.72437349349,0.11005725862873883,0
28,17038.233220571143,0.5423594184378948,0
22,34981.5003442368,0.1298427677972549,1
56,14926.456576792327,0.9224613583999408,0
69,28132.20641998408,0.18294035844520118,0
67,65804.69768133727,0.7915613111699132,0
70,24672.65226289634,0.5629174512894247,0
68,89038.18893483304,0.8805098406303714,0
48,20233.83925109906,0.36292699620540114,0
54,64829.708801633504,0.023199614019603354,0
40,14602.757659578718,0.400841058471358,1
33,45362.0227431544,0.05388686545683441,0
29,13941.735809465172,0.9642762499014876,1
22,2820.253755808981,0.39174159924648333,1
68,29437.189920143875,0.8223348330938077,1
65,29615.978576887286,0.015261714373374202,0
34,82578.48016325322,0.6476917454611525,0
72,1166.8891472379032,0.9430896458794104,1
39,82833.79542980199,0.7960133905247276,0
73,56316.096891734305,0.7646626645739248,0
41,86971.35418095347,0.8995335586653075,0
34,80694.04282576007,0.1785911422815688,0
56,29032.274764933652,0.6552766295631102,0
39,67469.57630606304,0.21084260787844245,0
27,90094.93979921505,0.13766162297379847,0
36,28525.643348993053,0.1380988877698307,0
18,74904.60694580014,0.05301607750502135,0
59,1573.7427332894704,0.8405590794042719,0
52,90097.34534271451,0.8624914967940054,0
28,12031.965917682506,0.0744937334960123,0
66,33264.02969855732,0.19762147877469172,1
27,31627.311222413224,0.8908411817010562,1
59,13782.225963365587,0.5013354571721763,1
29,50151.125224531745,0.2544090361433484,0
46,67474.02476818646,0.5840495473155154,0
43,37387.109163474386,0.8503797710011332,0
77,11072.081307793782,0.40245799751259925,0
36,63024.95502719251,0.3460765495473831,1
25,92954.73935180834,0.9476272401074003,0
43,61979.494395503454,0.2438323632652758,1
36,48146.007253839365,0.4775511621123837,0
26,49780.97408397912,0.807224498364554,1
20,86518.36213535856,0.6136910424253913,0
66,28889.193130215615,0.5789754852123628,0
21,86697.967462203,0.35284685828892925,0
52,82870.39961436701,0.11626254635771649,0
69,17691.38318743475,0.9302445253036634,0
40,11546.510464612384,0.8729696825033225,0
65,64250.207234121764,0.8542863281160089,0
43,6593.365408511019,0.11254885107290591,0
59,2822.1002665574533,0.9415667068417349,1
32,11880.533031363058,0.6131591451668265,0
37,86488.76329258631,0.2922986929354522,0
41,88405.69537721136,0.7355565180106527,0
37,96561.45828543005,0.9827489337562466,1
21,87522.5934642515,0.21670854496920533,1
76,99465.15378758119,0.6114624964373468,0
71,35754.756177347415,0.7733520985420681,1
43,47934.41748621646,0.354440284642212,0
65,35863.87536254925,0.416110080426519,0
27,41558.91404773063,0.3787191500982169,0
37,13803.867314425932,0.5005478629899487,1
18,20503.670945980022,0.2686880051278292,0
23,39234.37648659146,0.8103009885403292,1
29,89329.86007544244,0.7256779765570724,0
18,64286.854501896276,0.1376287669480546,0
34,89847.12337689383,0.7397050399128606,1
43,93030.26104125613,0.6395629104972941,1
40,50292.50093561857,0.3695896752981547,0
70,25539.345989719615,0.6182117575595604,0
42,7694.603914080229,0.23251608740745366,0
19,35330.005227762165,0.7924349539190776,0
25,81411.90850483663,0.5989361872258278,0
56,94875.18948592334,0.3072323516493668,0
49,43588.387174934345,0.7970742370676238,0
38,99138.16236480385,0.7347185527154225,0
61,64571.287583871286,0.37000222455204923,0
73,92241.43165322983,0.22919265695478064,0
63,50372.21140956982,0.904407909182149,0
75,98961.20912527505,0.15484429362468521,0
49,50732.76662042524,0.3897079401628162,0
36,97411.0469951228,0.9235332533940926,1
42,58833.96402630949,0.9787087044782129,1
27,16038.91569597094,0.38985460595308374,0
29,43559.65081542728,0.07235159049253048,0
60,90776.49315258893,0.2092811959750671,0
43,16033.176697368264,0.863943276849788,0
51,20025.580528340543,0.951489186015175,1
20,42358.978579066024,0.15409189412228474,0
56,45229.94661077669,0.5423364259972902,0
27,45336.49040253652,0.218488362276668,0
18,97296.46131069571,0.3249348209736852,0
46,27226.887672299927,0.21535640389905697,0
43,33973.30033130962,0.8713067468560936,0
50,38236.56783742512,0.2574887636203137,0
75,19251.661673610062,0.7229918541901216,0
60,15657.317615342932,0.3664461718634737,1
69,74790.36664670838,0.6220097523493366,1
60,98903.7453580594,0.6067083607237336,1
45,28913.66429685637,0.661456472384083,1
55,82684.68702655325,0.6429785852559596,0
35,26254.165721976857,0.12476839084043367,0
30,2586.2817892699313,0.4068331551665588,0
55,71796.58487550457,0.8560203224960137,1
32,69576.73619072023,0.06886741877190472,0
44,41962.97049954586,0.2947097945112708,1
52,24894.93982890709,0.35485542494623046,1
33,72948.56967366558,0.2154553233526404,0
70,30699.943587999715,0.86347071293074,1
76,25822.8776148793,0.38784548256111795,0
20,44981.18010449904,0.3148190209744909,0
73,41349.740330317814,0.821720399659934,0
28,86791.65749021496,0.448865971473112,0
46,85021.68303942977,0.9518677392254907,0
58,44344.514695890684,0.19996147117882268,1
77,73496.2580164077,0.9664897561432825,0
40,38326.78039054569,0.7494675030954366,0
33,16954.003202157495,0.8245797083503857,0
35,78870.692128063,0.27191928062423987,0
19,84440.35742533371,0.5439113760369585,1
25,70003.83921934442,0.05795992298599073,0
73,14322.582139577122,0.5140036786476158,0
61,30236.22223531968,0.5004089304737421,0
65,9346.027608305025,0.9343717504917147,0
78,19538.791058303977,0.3349183465265817,1
41,38877.28955972429,0.009210395543049366,0
65,86677.8316751232,0.389725577223889,0
63,57052.22628042895,0.7522086799501406,1
36,47627.956565142915,0.35169395047435315,1
58,82154.5359521547,0.20210108528784532,0
49,92709.4662149912,0.16962166900992992,0
21,3005.9803447849777,0.17019447904212504,0
71,83998.2487593744,0.9373716554670322,0
33,86131.98853356877,0.20796122557935603,1
24,24334.122005551348,0.7901603138221367,0
28,21309.008555978715,0.0059245089314377,0
73,46221.530856077145,0.19166225732913478,0
42,48076.87323313238,0.6792550698583897,0
69,64992.43461442674,0.4417481168601082,1
34,68873.16544908918,0.547011737379376,1
69,63410.082094990175,0.45575211695994455,0
54,93422.15169892285,0.3290377811989448,0
67,97690.08142907044,0.6858198653547748,0
57,37136.82810335353,0.7765154501216702,0
44,22147.06234936011,0.024391382211102042,0
34,85348.2552214869,0.7725774095978827,0
56,58065.9573762409,0.8358819695304485,0
70,59118.18455721652,0.8707146403445895,0
37,4518.062524743936,0.09737634348009161,0
67,28356.598163069528,0.36835983865697364,1
33,81827.73848239271,0.7337177998147856,1
66,27333.067847682418,0.2539412837717674,0
50,96515.08072366481,0.9104358502318711,0
68,26948.898196907143,0.007216006520785023,0
78,60233.26897175953,0.7848013075222587,0
21,22485.95441619365,0.015668621554898232,0
50,58670.54037366183,0.9191184927968485,1
21,88350.94659429726,0.1279803840021273,1
40,2963.2857117472213,0.05884716053049499,1
61,11076.638264763444,0.922472794841376,0
46,36498.573222226056,0.35269480482221827,0
45,53439.59215527098,0.11557700210075117,0
47,28669.24678273664,0.6334535259779465,1
26,75391.24954011936,0.8273263148935821,0
34,33492.041501950196,0.013286251247681125,0
34,71710.14726844672,0.3781870247448279,0
28,47220.28628714521,0.35085570934110455,0
59,68479.20860164546,0.4145347681454338,1
66,19214.625650495425,0.6759580808745141,1
20,47102.62153757642,0.3718049497663346,0
55,10346.694191497716,0.07311892270584286,0
64,93413.9384241719,0.6678303807084891,0
43,63728.33760268898,0.33700933910527997,0
22,91299.98787084999,0.8195097759100192,0
39,62974.076729717905,0.4954598718463933,0
38,61464.995163128515,0.3912037107692562,0
20,62365.81339854863,0.3866399624225697,0
27,73117.106085068,0.4669799407602877,0
34,24771.355278373845,0.0253967482265125,0
71,39301.16615625878,0.9638612442295079,0
36,71776.12772735176,0.5080641195009339,1
60,72030.54260885585,0.6466202231612923,0
60,55414.58348942749,0.8051673669564168,0
74,64781.58549759193,0.3787175422862248,0
53,8114.759430628334,0.09375718738711802,0
58,43243.03052332395,0.6049311009812843,1
40,48917.7643716657,0.4929458049259151,0
41,24139.959895672902,0.12595579103774457,0
63,71435.04381209401,0.8259574818487212,0
68,8730.452070583488,0.4163072195197077,1
74,8823.403973147408,0.7580159889712726,0
39,61102.501230557056,0.160475983466685,0
27,94602.66588828275,0.6550543246013159,0
42,1977.265485621981,0.4809953489986608,0
36,16574.938627178344,0.36597318250354427,0
76,98520.30158077375,0.6275095481412402,0
79,43713.06765931002,0.30498260337308825,0
63,87953.93466336766,0.407885189035755,0
72,74098.16546634499,0.6873335087046388,0
29,95398.52062122249,0.7181545528726487,0
80,38682.42668129459,0.7896008994269981,1
46,12418.96984828715,0.8700051090234131,0
77,93328.67496088639,0.4378686542005409,0
53,88843.7730120664,0.5360184740209392,1
32,45816.14498926571,0.4384687864243745,0
44,59884.3349486414,0.34970179879579566,1
41,73426.60305106992,0.817632384495951,0
64,22877.935142431284,0.44873202995113337,1
71,18019.935727876342,0.8831909422875505,1
64,59155.646089751746,0.1013806869932361,0
80,5999.510249907198,0.01870963756116728,1
77,78396.461167541,0.6052004270803797,1
80,54643.51517998262,0.16287773498148872,0
53,46346.30684549757,0.7090257360243987,0
73,30343.230957126783,0.37090997406200144,0
50,91866.35097938043,0.5984055701227141,0
56,47444.93203927618,0.048745111714481704,1
39,50665.94167424237,0.634306596525388,0
39,34830.7110338347,0.019097215298669923,1
37,9947.452312225387,0.8787815729076717,0
49,97753.55499967936,0.7641862467913977,0
29,40008.1015571579,0.20476822483440138,0
74,51603.05384247172,0.727936428649105,0
34,75996.6554814848,0.7199788053288367,0
40,71482.91887415867,0.6160581893218159,1
60,80776.95447760481,0.21656032211536014,0
56,42943.652975707846,0.6881763506809407,0
57,48117.73538826967,0.6992832134988028,0
46,71029.03575774089,0.23020000055688705,0
26,42628.02115528585,0.9085887369622779,0
78,70718.41087393234,0.41226024308984166,0
24,37298.42147604025,0.9795890599593554,0
33,93021.6914774647,0.9020602471757873,0
20,22220.583439575537,0.7493015384159722,1
68,66250.17446255588,0.2901184340633094,0
69,4426.482593460261,0.3856000547126279,0
18,87922.94839367481,0.6120976536646516,0
79,24988.427359513324,0.7565878664571086,0
24,9576.695433359295,0.08364194910605605,0
63,41507.864224090925,0.033123361666969275,0
24,90135.02172612224,0.45700553894037454,1
43,44799.68856535716,0.3853378800773044,0
28,92757.56454753187,0.37425038066784166,0
42,66884.1858761608,0.13133931448514458,0
77,32239.639021839437,0.3184566609045877,1
48,38107.20434350601,0.635159999144085,0
35,40333.576834416795,0.5131263529718701,0
50,44047.59010161767,0.4898609662603145,0
47,47100.19321534472,0.5347897502995174,0
61,89864.13661192915,0.366260216810813,0
29,93833.11918949054,0.7536324929978917,0
77,83741.77173417437,0.6724836432943306,0
19,15544.49466953788,0.649621125705976,1
69,57942.344000177975,0.17209052099630862,0
60,57738.69582486378,0.02946249808995627,0
31,91244.38337911086,0.6441228889886963,0
18,87604.23878556726,0.5401795508294649,0
35,67725.23908017953,0.972628908541222,0
77,49400.43804993917,0.29389047094127163,0
27,10609.910954375719,0.27780629806136337,0
21,20253.860197753194,0.9427372345657496,0
73,6975.513438921862,0.3195482861251956,0
46,67996.52365211002,0.5561596824009104,0
65,5699.531457169726,0.493106999825497,0
30,39332.50427515686,0.2513447529348415,0
22,7072.690524513599,0.9820727694893817,0
26,57631.756485470054,0.13663788832731516,0
64,38783.31960800856,0.1823174094145561,0
32,88567.41432081831,0.19920799554939805,0
59,63199.985118141056,0.9337443416266111,0
63,75824.37446162743,0.0286361184105679,0
18,1057.2588899023617,0.010070814282774676,0
72,18785.04505689743,0.019946241387813535,1
76,66274.69782469556,0.8413500566913749,0
49,26306.058137760276,0.9150872172016211,0
47,13309.64226702479,0.09877345796581005,0
67,83857.52752952777,0.8784566464507103,0
49,39988.808938101654,0.036947036722908555,1
41,7787.514061064505,0.621769395586429,0
23,25923.489581878977,0.5138821437261394,1
34,2503.7874548814766,0.047817865261456816,1
73,21470.291251691673,0.31911560999789623,0
79,28855.234721842702,0.15391309690456423,0
48,89012.93354181218,0.8181601501067082,0
80,68485.68072217699,0.7230939729436707,0
48,81136.09950984661,0.47196132425470183,1
53,76282.19300167191,0.730547876487203,0
62,22755.607223647996,0.8440833230468412,0
69,27349.64694553286,0.7433899508443661,0
27,30264.617516747487,0.3283561232550063,0
68,70970.35987381462,0.2803020828613936,0
71,26268.036237503886,0.6649598373510616,0
35,39278.236018189054,0.5912496400221632,0
33,28489.214202111823,0.392491705897296,1
65,68899.80207116323,0.365806449897184,0
38,61581.93385852417,0.017572171429957928,0
33,44466.611090568724,0.0043283826000691805,1
32,95557.25807503257,0.40096129207808273,0
26,69774.3770966727,0.7199727682073624,1
21,93813.57268456368,0.02009669288568705,0
44,94585.85817753681,0.24654847266634738,0
62,57601.952120845934,0.08081482329531264,0
56,88328.45669932355,0.7595789192363752,0
44,79748.44111620105,0.738737486403683,0
57,41611.4848099117,0.6874009602439293,1
28,19878.181805357995,0.44888374540829745,0
26,7804.7911040528525,0.06134159424707575,0
40,85107.50338264245,0.06316641909818899,0
63,88041.01660833014,0.8645444240790114,1
35,18603.768182712305,0.220654229847142,1
49,3815.540447483535,0.44571587748897523,0
31,42937.76015525908,0.6961707697121523,0
44,6092.048478657678,0.33044755552855,0
20,78281.33402431129,0.37649362949648935,0
67,73180.25231994681,0.9108797315548507,0
65,31790.22540537132,0.4644990398857465,1
34,84733.85193003854,0.45736023595870656,0
74,27974.45504552576,0.033708948120234505,0
38,52247.11563957382,0.7717694676429284,0
66,51460.02359659843,0.455981925433924,0
52,47453.87609650941,0.728858919549173,0
71,89280.96159064202,0.5029054843776295,0
20,52156.44529797881,0.6748727212413964,0
64,71767.91059578923,0.4330630533812794,1
67,83839.58709235661,0.19904183416851806,0
68,95378.48624224476,0.6577509867243605,0
77,40153.64987521725,0.7797009390792312,0
68,92930.64264392586,0.6388513335647295,0
63,84768.17144078307,0.9145999024754224,1
63,44968.71464468319,0.4113771541799981,0
70,15283.261668510402,0.2396970183235969,0
38,4917.2245181097005,0.1481860218834573,0
78,61185.70678850744,0.12021530538770975,1
31,88987.03956935646,0.09485433850291447,0
26,68032.64266983035,0.1476529407306475,0
47,34973.3244089794,0.781389106079482,1
41,23958.463433249945,0.572414568637177,0
59,19430.155408253788,0.870260723500366,0
33,60667.20782318406,0.4822770799134781,1
63,65373.350592613184,0.7048001816674274,0
54,76721.13617658547,0.039949879294496005,0
77,27358.048483379123,0.16332559556804183,0
58,15206.085366857242,0.9923656014057982,0
29,66109.15670829549,0.7944578722635324,1
37,74131.76258147148,0.944773810737582,0
33,39984.26017057573,0.7083406564194882,0
74,28630.760244141795,0.1812287574079785,0
63,56180.8154574144,0.7681929880444555,0
46,6765.633261698141,0.5020540769972113,1
62,75061.16480371074,0.546008258388897,0
41,13511.20924137914,0.986989801227784,0
62,8808.150833515032,0.47727020941031606,0
49,92243.35884292952,0.3612815065990669,0
60,8518.650434971969,0.6978265687165339,0
38,10710.019050107057,0.07710692339391345,0
75,37653.85201460623,0.5315335521933454,0
43,81232.47625655265,0.6534416112866661,0
57,82271.38660040771,0.9005744534963392,0
22,92823.57263638797,0.36771463484219935,0
69,97107.38785302662,0.7441493420497391,1
31,99511.1141246787,0.5800128211075063,0
67,69416.96330904694,0.9731937513443791,0
71,30654.31161466757,0.14804313407692238,0
49,93925.5801112967,0.6123886821586458,0
22,34389.06010152029,0.6505537891986451,0
38,62481.987872372134,0.13336680226976771,0
66,38080.50793184791,0.2260518645014742,1
29,55955.5340151493,0.35537063724485274,0
39,98514.87512717956,0.4462989293057369,0
30,82617.22066911789,0.5924910405310734,0
23,31143.204559293863,0.012054348398826797,0
56,76551.96716821493,0.43089130691414523,0
20,42173.27472983081,0.297875973412828,0
27,10604.856847201276,0.3458631112425996,1
41,6744.856930092402,0.3757656040567895,0
34,70650.68341934263,0.13846859350707041,0
64,35300.786612358104,0.14282357286914305,0
64,4493.117566067051,0.4487588752014494,1
43,59317.38190196783,0.4647341184712963,1
19,80625.57834027422,0.19620534499527853,0
50,3653.736559247255,0.1594707218677559,1
80,22617.396391928753,0.254271109339654,0
54,16278.873839081443,0.9698235097855904,0
72,44786.172257049504,0.9214781319014735,0
43,2292.7462226558405,0.10044838700520198,0
78,42322.71570153785,0.0071390315842889684,0
37,54260.24684295053,0.948046201125646,1
45,44345.04639241952,0.23700099846997158,0
28,96243.18583266049,0.9729885781796441,1
61,13576.98565386129,0.9632274571159357,0
49,13931.005429493276,0.9007027077000396,1
76,69667.0169740536,0.9028458349083313,0
50,43051.05388540183,0.7873699002065947,0
23,6056.812621711816,0.8252199381220198,1
36,17190.976011036568,0.20725334578905352,0
59,35861.898460563854,0.8323354200587044,1
19,55286.80560509934,0.3812538963208453,1
45,3326.7453998433994,0.7854979985337753,1
31,19753.785763400738,0.44266705441744636,0
38,2433.6478189658114,0.8081280636139201,0
74,90506.32287580927,0.45449572239123603,0
62,71980.17869471129,0.5791604364919924,0
20,57451.78076902862,0.9296975561217007,0
66,92572.23497798275,0.9342609681765037,0
40,96144.48129531863,0.2104233356044516,0
38,84700.41384491257,0.43061647628127575,0
53,49826.71519757927,0.10879489196403569,0
59,40679.05906268747,0.5947000608708246,0
62,98780.0088031345,0.18976967771315056,0
48,26479.0832214497,0.9340353787370519,0
23,9174.447317344895,0.7493036066959791,0
80,8509.114701429866,0.5307525816742313,0
80,80321.61323019996,0.9322096235587448,0
55,37548.02210612928,0.9419100902003232,1
37,80914.01052919743,0.23126147233163963,1
22,13824.211832979088,0.20205058987037972,0
32,61990.17748666137,0.5282396555534894,0
62,25550.804953941435,0.3413401660887333,1
19,78660.2158163306,0.2631756280029858,1
62,8958.60248045255,0.07641233832233207,0
76,46158.7748444215,0.595906217934369,0
71,23016.83956969062,0.9789534044491489,0
41,99923.74828518124,0.21798366005793535,0
45,11240.032078105844,0.8319032360944555,0
65,86246.43289902453,0.8589402162119512,0
68,43056.10005608655,0.9220754262387644,0
63,66147.63769056456,0.593443091831296,1
46,53511.6211415956,0.44566351795191905,0
39,65648.8741766917,0.6580169330049849,0
31,97510.77380623101,0.10952457101955881,0
57,29012.572824873263,0.2425769038600275,0
52,30061.196322220472,0.286525698184254,0
69,1768.7400110721903,0.7644745129805229,0
65,93158.58925717976,0.5702870808184939,0
74,3594.7144880540404,0.6932655948284536,0
43,64569.446518632896,0.9344738818217422,0
32,63122.89890189313,0.37431424706622096,0
52,19884.523428094504,0.9918880702134811,0
41,35647.31223085949,0.9652316009869846,0
18,45338.483830883204,0.39755462244039586,0
73,99687.71129194804,0.05289606776794642,0
36,29697.645235143307,0.9635292754430365,0
73,43137.34918480538,0.4121467788841918,0
61,16487.184840029073,0.7105613199611848,0
61,62042.90539400627,0.46036854006802685,0
68,91916.28484829805,0.2718070587471306,0
70,92150.6419505922,0.6797033373569169,0
79,73839.28126060987,0.8919172827784924,0
53,43824.91543156073,0.6330316813624477,1
48,38459.26530004836,0.452807613121042,1
70,63853.81433165801,0.3862372817736096,0
71,48572.52341199585,0.08179609581651182,1
63,43151.42460809136,0.03312596925901079,0
78,79560.87531047041,0.7640226182408595,0
36,75459.15325123369,0.15608059617753745,0
34,66685.24335151758,0.8690443981569052,0
48,18125.643324851084,0.18787197515323573,0
34,60343.6860091454,0.11312561513420905,0
44,41773.80806540503,0.050163028337979365,0
24,71822.12373916413,0.010267362058548168,0
47,96297.43442986671,0.9389184829382619,0
78,48528.72260697849,0.8139536902354939,0
25,43204.29616756031,0.829448766582523,0
48,54441.70267193754,0.28156147883552096,0
28,81061.67041016348,0.3136350424715416,0
32,85544.7233584083,0.47879963968976746,0
28,6270.198570582908,0.21409963621892936,0
33,93585.09760542294,0.907695323984239,0
28,36534.2139177656,0.6074166543418206,0
32,59810.16629406731,0.9700384909660078,0
25,68512.24553379114,0.4573947668427848,0
48,26922.296572038755,0.11759255561203186,0
37,25011.866989466154,0.46409604726384346,0
37,59874.87648761779,0.007189140006362282,0
24,14354.619760235406,0.6495360869237127,0
43,27810.5325754525,0.7833343199124952,0
40,98574.47728787133,0.9092480857440979,0
64,7498.48187339349,0.38872456638015984,0
66,2052.8632266132176,0.5964924807820503,0
43,94596.34414777049,0.8902044734949104,0
32,62731.06912039207,0.491491549163939,0
60,45633.65755422187,0.5794543713990121,0
76,18408.608880004722,0.5165116469649785,0
66,82878.69109059144,0.9486566935261964,0
27,44297.00394913953,0.21444646717455995,0
18,44118.51042499202,0.3856204867869856,0
28,40947.36138280946,0.5165301558341332,1
59,79274.48109825542,0.8554379194501518,0
47,99070.6350478633,0.5599254821762933,1
18,27757.888860257048,0.5459448181141426,0
42,68453.73373139487,0.5282451678345588,1
59,94710.33347306942,0.8353233234990142,0
